"id","year","is_active","semester_id"
"1","2026-01-01","1","2"
"id","barangay_name","municipality_id"
"1","Becuran","1"
"2","Dila-dila","1"
"3","San Agustin","1"
"4","San Basilio","1"
"5","San Isidro","1"
"6","San Jose","1"
"7","San Juan","1"
"8","San Jose","1"
"9","San Matias","1"
"10","Santa Monica","1"
"11","San Vicente","1"
"id","age","amount","date_claimed","date_claim_expiry","registration_id","barangay_indigency","barangay_recidency","tracking_number","diagnosis","status_id","processed_by_id","actioned_at","actioned_by_id"
"3","28","1000.00","2025-11-21","2025-11-22","1","1","1","CC-M-1B73DE09FB","asdasd","1","3","2025-11-21 04:46:05.080647",NULL
"id","tracking_number","deceased_name","relationship","date_claimed","date_claim_expiry","status_id","death_certificate","cause_of_death","amount","registration_id","processed_by_id","actioned_at","actioned_by_id"
"1","CC-B-D01026A88D","test","testing","2025-11-20","2025-12-22","2","1","accident","1000.00","1","3","2025-11-21 04:07:15.491843","6"
"id","bsrcenter_id","medicines_id"
"5","3","1"
"6","3","2"
"id","civil_status_name"
"1","Single"
"2","Married"
"3","Single Parent"
"id","password","last_login","is_superuser","username","first_name","last_name","is_staff","is_active","date_joined","user_type","profile_pic","email"
"1","pbkdf2_sha256$1000000$iw9RDgSkP5CqYXaoJKU918$+WlM7+GLAQQtum7Pr8X5RvfErzwbhIujyirYjBzH/ls=","2025-11-20 14:56:08.380688","1","superadmin",,,"1","1","2025-11-20 12:19:38.603359",,,"admin@gmail.com"
"2","pbkdf2_sha256$1000000$BUBRbW7zzRwxefppZpf9So$djGtOw5Ses9hZ6Wsv1rqJh/Um5E2HaCOaa+R/1dptoI=","2025-11-21 02:25:47.752666","0","staff_peso","anthony","Gin","0","1","2025-11-20 12:37:06.000000","7",,"example1@gmail.com"
"3","pbkdf2_sha256$1000000$Ln9F8f4w6gBjmSyw7cI6JM$8DlGGAjp8dQgCdQEunbvZN0XIULVFbNdrR326MjhT1M=","2025-11-21 04:45:24.049985","0","staff_center","joshua","Vodka","0","1","2025-11-20 12:37:31.000000","5",,"example02@gmail.com"
"4","pbkdf2_sha256$1000000$WUww8qURatMATV1HB0WEbD$LitnNutXql34CWHH7nHU+fGgetwvrrDB4VXtgQ4BAR0=","2025-11-21 00:54:11.258911","0","jordan",,,"0","1","2025-11-20 12:38:00.201889","2",,"jordan@gmail.com"
"5","pbkdf2_sha256$1000000$bCUwhZ96EZDM0LJYrsJ5hC$ZaEtPxMTwtUp8aXVq8kmpR5a6MQE1y1FJ+1qmqXKF5E=","2025-11-21 04:11:30.080413","0","mun_admin",,,"0","1","2025-11-20 12:38:36.915069","3",,"example@gmail.com"
"6","pbkdf2_sha256$1000000$bRX3MTECrmLYJQ2hb1iuXZ$4ILC0q81tphq0nNEnOCJMPLHBociIPRymn5xCYvkKoY=","2025-11-21 04:38:56.698378","0","admin_center",,,"0","1","2025-11-20 12:39:34.962796","4",,"example03@gmail.com"
"7","pbkdf2_sha256$1000000$rSWAWy4LTVMXqoiDCcoOnd$eEdzABtM6j5/7db0QDztzJlVxXCoM2JFM1TsYvAAumo=","2025-11-21 04:36:18.729317","0","admin_peso",,,"0","1","2025-11-20 12:40:04.601063","6",,"example4@gmail.com"
"id","customuser_id","group_id"
"id","customuser_id","permission_id"
"id","end_user_type"
"1","Senior Citizen"
"2","Student"
"3","Regular"
"id","medicine_name","dosage","frequency","date_expiry","date_added"
"1","Biogesic","12 mg","3 times a day","2025-11-20","2025-11-20 12:31:07.047215"
"2","Bio Flu","12 mg","3 times a day","2025-11-20","2025-11-20 12:31:29.161480"
"id","municipality_name","province_id"
"1","Santa Rita","1"
"id","occupation_name"
"1","Farmer"
"2","Construction Worker"
"3","Unemployed"
"4","Other"
"id","biodata","certificate_of_reg","certificate_of_grades","barangay_indigency","barangay_recidency","official_receipt","registration_id","processed_by_id","date_added","is_released","tracking_number","status_id","Academic_year_id","next","reap_type_id","actioned_at","actioned_by_id"
"1","1","1","1","1","1","1","1","2","2025-11-20","0","PESO-R-0418246B51","2","1","0","1","2025-11-21 03:30:22.465460",NULL
"2","1","1","1","1","1","1","3","2","2025-11-21","0","PESO-R-7A3547248E","2","1","0","1","2025-11-21 04:09:17.749255","7"
"id","tracking_number","date_issued","date_issued_expiry","name_of_beneficiary","is_released","processed_by_id","registration_id","status_id","skills_training_id","actioned_at","actioned_by_id"
"1","PESO-T-3140C3EC6E","2025-11-20","2026-11-20","ju","0","2","3","2","1","2025-11-21 04:09:05.079726","7"
"2","PESO-T-8AAFE61003","2025-11-21","2025-11-22","HELLO","1","2","1","2","1","2025-11-21 03:30:22.553833",NULL
"id","province_name"
"1","Pampanga"
"id","type_name"
"1","NEW"
"2","RENEW"
"id","rfid","last_name","first_name","middle_name","name_extension","date_of_birth","place_of_birth","mobile_no","date_added","barangay_id","municipality_id","province_id","profile_pic","gender","occupation_id","email","age","zone_street","end_user_type_id","civil_status_id"
"1","3871067652","Zap","Jord","Santos",,"1997-10-20","becuran","0912345678","2025-11-20 13:00:49.445412","1","1","1","profile_pic/member_6579cf2c032e4c5bbed74e93e3f3dd36.png","Male","1","jordan@gmail.com","28","zone 6","2","3"
"3","3871894596","Santos","Gin","Vodka","jr","1950-10-02","becuran","09123456","2025-11-20 13:04:24.694041","2","1","1","profile_pic/member_1c28f62baaaf47a086761dba085373b0.png","Male","2","old@gmail.com","75","Zone 5","1","2"
"id","rfid","status","in_use","date_added","registration_id"
"1","3870455284","valid","0","2025-11-20 12:25:07.893803",NULL
"2","3871067652","invalid","1","2025-11-20 12:25:21.247123","1"
"3","3870246628","valid","0","2025-11-20 12:25:25.629003",NULL
"4","3871894596","invalid","1","2025-11-20 12:25:29.166192","3"
"id","sem_name"
"1","1st Semester"
"2","2nd Semester"
"id","Skills_name"
"1","Agriculutre"
"id","status_name"
"1","Pending"
"2","Approved"
"3","Rejected"
"id","name"
"id","group_id","permission_id"
"id","name","content_type_id","codename"
"1","Can add log entry","1","add_logentry"
"2","Can change log entry","1","change_logentry"
"3","Can delete log entry","1","delete_logentry"
"4","Can view log entry","1","view_logentry"
"5","Can add permission","2","add_permission"
"6","Can change permission","2","change_permission"
"7","Can delete permission","2","delete_permission"
"8","Can view permission","2","view_permission"
"9","Can add group","3","add_group"
"10","Can change group","3","change_group"
"11","Can delete group","3","delete_group"
"12","Can view group","3","view_group"
"13","Can add content type","4","add_contenttype"
"14","Can change content type","4","change_contenttype"
"15","Can delete content type","4","delete_contenttype"
"16","Can view content type","4","view_contenttype"
"17","Can add session","5","add_session"
"18","Can change session","5","change_session"
"19","Can delete session","5","delete_session"
"20","Can view session","5","view_session"
"21","Can add user","6","add_customuser"
"22","Can change user","6","change_customuser"
"23","Can delete user","6","delete_customuser"
"24","Can view user","6","view_customuser"
"25","Can add barangay","7","add_barangay"
"26","Can change barangay","7","change_barangay"
"27","Can delete barangay","7","delete_barangay"
"28","Can view barangay","7","view_barangay"
"29","Can add municipality","8","add_municipality"
"30","Can change municipality","8","change_municipality"
"31","Can delete municipality","8","delete_municipality"
"32","Can view municipality","8","view_municipality"
"33","Can add province","9","add_province"
"34","Can change province","9","change_province"
"35","Can delete province","9","delete_province"
"36","Can view province","9","view_province"
"37","Can add registration","10","add_registration"
"38","Can change registration","10","change_registration"
"39","Can delete registration","10","delete_registration"
"40","Can view registration","10","view_registration"
"41","Can add rfid auth","11","add_rfidauth"
"42","Can change rfid auth","11","change_rfidauth"
"43","Can delete rfid auth","11","delete_rfidauth"
"44","Can view rfid auth","11","view_rfidauth"
"45","Can add medicines","12","add_medicines"
"46","Can change medicines","12","change_medicines"
"47","Can delete medicines","12","delete_medicines"
"48","Can view medicines","12","view_medicines"
"49","Can add bsrcenter","13","add_bsrcenter"
"50","Can change bsrcenter","13","change_bsrcenter"
"51","Can delete bsrcenter","13","delete_bsrcenter"
"52","Can view bsrcenter","13","view_bsrcenter"
"53","Can add bsrcenter_meds","14","add_bsrcenter_meds"
"54","Can change bsrcenter_meds","14","change_bsrcenter_meds"
"55","Can delete bsrcenter_meds","14","delete_bsrcenter_meds"
"56","Can view bsrcenter_meds","14","view_bsrcenter_meds"
"57","Can add bsrcenter_ burial","15","add_bsrcenter_burial"
"58","Can change bsrcenter_ burial","15","change_bsrcenter_burial"
"59","Can delete bsrcenter_ burial","15","delete_bsrcenter_burial"
"60","Can view bsrcenter_ burial","15","view_bsrcenter_burial"
"61","Can add status","16","add_status"
"62","Can change status","16","change_status"
"63","Can delete status","16","delete_status"
"64","Can view status","16","view_status"
"65","Can add peso_reap","17","add_peso_reap"
"66","Can change peso_reap","17","change_peso_reap"
"67","Can delete peso_reap","17","delete_peso_reap"
"68","Can view peso_reap","17","view_peso_reap"
"69","Can add skills_training","18","add_skills_training"
"70","Can change skills_training","18","change_skills_training"
"71","Can delete skills_training","18","delete_skills_training"
"72","Can view skills_training","18","view_skills_training"
"73","Can add peso_tupad","19","add_peso_tupad"
"74","Can change peso_tupad","19","change_peso_tupad"
"75","Can delete peso_tupad","19","delete_peso_tupad"
"76","Can view peso_tupad","19","view_peso_tupad"
"77","Can add academic_year","20","add_academic_year"
"78","Can change academic_year","20","change_academic_year"
"79","Can delete academic_year","20","delete_academic_year"
"80","Can view academic_year","20","view_academic_year"
"81","Can add semester","21","add_semester"
"82","Can change semester","21","change_semester"
"83","Can delete semester","21","delete_semester"
"84","Can view semester","21","view_semester"
"85","Can add end_user_type","22","add_end_user_type"
"86","Can change end_user_type","22","change_end_user_type"
"87","Can delete end_user_type","22","delete_end_user_type"
"88","Can view end_user_type","22","view_end_user_type"
"89","Can add reap_type","23","add_reap_type"
"90","Can change reap_type","23","change_reap_type"
"91","Can delete reap_type","23","delete_reap_type"
"92","Can view reap_type","23","view_reap_type"
"93","Can add occupation","24","add_occupation"
"94","Can change occupation","24","change_occupation"
"95","Can delete occupation","24","delete_occupation"
"96","Can view occupation","24","view_occupation"
"97","Can add civil_status","25","add_civil_status"
"98","Can change civil_status","25","change_civil_status"
"99","Can delete civil_status","25","delete_civil_status"
"100","Can view civil_status","25","view_civil_status"
"id","action_time","object_id","object_repr","action_flag","change_message","content_type_id","user_id"
"1","2025-11-20 12:25:07.896138","1","3870455284 - valid - In Use","1","[{""added"": {}}]","11","1"
"2","2025-11-20 12:25:12.509563","1","3870455284 - valid - Not In Use","2","[{""changed"": {""fields"": [""In use""]}}]","11","1"
"3","2025-11-20 12:25:21.248044","2","3871067652 - valid - Not In Use","1","[{""added"": {}}]","11","1"
"4","2025-11-20 12:25:25.630055","3","3870246628 - valid - Not In Use","1","[{""added"": {}}]","11","1"
"5","2025-11-20 12:25:29.167317","4","3871894596 - valid - Not In Use","1","[{""added"": {}}]","11","1"
"6","2025-11-20 12:25:41.304927","1","Pampanga","1","[{""added"": {}}]","9","1"
"7","2025-11-20 12:26:08.775045","1","Santa Rita","1","[{""added"": {}}]","8","1"
"8","2025-11-20 12:26:18.471149","1","Becuran","1","[{""added"": {}}]","7","1"
"9","2025-11-20 12:26:28.239408","2","Dila-dila","1","[{""added"": {}}]","7","1"
"10","2025-11-20 12:29:45.711111","3","San Agustin","1","[{""added"": {}}]","7","1"
"11","2025-11-20 12:29:55.974938","4","San Basilio","1","[{""added"": {}}]","7","1"
"12","2025-11-20 12:30:03.647926","5","San Isidro","1","[{""added"": {}}]","7","1"
"13","2025-11-20 12:30:10.026657","6","San Jose","1","[{""added"": {}}]","7","1"
"14","2025-11-20 12:30:17.588190","7","San Juan","1","[{""added"": {}}]","7","1"
"15","2025-11-20 12:30:23.984909","8","San Jose","1","[{""added"": {}}]","7","1"
"16","2025-11-20 12:30:32.916208","9","San Matias","1","[{""added"": {}}]","7","1"
"17","2025-11-20 12:30:41.198126","10","Santa Monica","1","[{""added"": {}}]","7","1"
"18","2025-11-20 12:30:48.457091","11","San Vicente","1","[{""added"": {}}]","7","1"
"19","2025-11-20 12:31:07.050965","1","Biogesic","1","[{""added"": {}}]","12","1"
"20","2025-11-20 12:31:29.162431","2","Bio Flu","1","[{""added"": {}}]","12","1"
"21","2025-11-20 12:34:41.507140","1","Senior Citizen","1","[{""added"": {}}]","22","1"
"22","2025-11-20 12:34:44.975683","2","Student","1","[{""added"": {}}]","22","1"
"23","2025-11-20 12:34:51.893716","3","Regular","1","[{""added"": {}}]","22","1"
"24","2025-11-20 12:35:13.708009","1","Pending","1","[{""added"": {}}]","16","1"
"25","2025-11-20 12:35:16.989666","2","Approved","1","[{""added"": {}}]","16","1"
"26","2025-11-20 12:35:25.254740","3","Rejected","1","[{""added"": {}}]","16","1"
"27","2025-11-20 12:35:35.829016","1","1st Semester","1","[{""added"": {}}]","21","1"
"28","2025-11-20 12:35:40.671877","2","2nd Semester","1","[{""added"": {}}]","21","1"
"29","2025-11-20 12:36:08.414732","1","2026-01-01","1","[{""added"": {}}]","20","1"
"30","2025-11-20 12:37:07.271175","2","staff_peso","1","[{""added"": {}}]","6","1"
"31","2025-11-20 12:37:32.933323","3","staff_center","1","[{""added"": {}}]","6","1"
"32","2025-11-20 12:38:01.229301","4","jordan","1","[{""added"": {}}]","6","1"
"33","2025-11-20 12:38:37.946103","5","mun_admin","1","[{""added"": {}}]","6","1"
"34","2025-11-20 12:39:35.996770","6","admin_center","1","[{""added"": {}}]","6","1"
"35","2025-11-20 12:40:05.641486","7","admin_peso","1","[{""added"": {}}]","6","1"
"36","2025-11-20 12:44:08.707862","1","Farmer","1","[{""added"": {}}]","24","1"
"37","2025-11-20 12:44:17.431911","2","Construction Worker","1","[{""added"": {}}]","24","1"
"38","2025-11-20 12:44:22.536785","3","Unemployed","1","[{""added"": {}}]","24","1"
"39","2025-11-20 12:44:27.474187","4","Other","1","[{""added"": {}}]","24","1"
"40","2025-11-20 12:49:01.569805","1","Single","1","[{""added"": {}}]","25","1"
"41","2025-11-20 12:49:07.282443","2","Married","1","[{""added"": {}}]","25","1"
"42","2025-11-20 12:49:36.001084","3","Single Parent","1","[{""added"": {}}]","25","1"
"43","2025-11-20 13:21:06.905911","1","Agriculutre","1","[{""added"": {}}]","18","1"
"44","2025-11-20 14:56:49.663477","3","staff_center","2","[{""changed"": {""fields"": [""First name"", ""Last name""]}}]","6","1"
"45","2025-11-20 14:57:02.500996","2","staff_peso","2","[{""changed"": {""fields"": [""First name"", ""Last name""]}}]","6","1"
"id","app_label","model"
"1","admin","logentry"
"20","app","academic_year"
"7","app","barangay"
"13","app","bsrcenter"
"15","app","bsrcenter_burial"
"14","app","bsrcenter_meds"
"25","app","civil_status"
"6","app","customuser"
"22","app","end_user_type"
"12","app","medicines"
"8","app","municipality"
"24","app","occupation"
"17","app","peso_reap"
"19","app","peso_tupad"
"9","app","province"
"23","app","reap_type"
"10","app","registration"
"11","app","rfidauth"
"21","app","semester"
"18","app","skills_training"
"16","app","status"
"3","auth","group"
"2","auth","permission"
"4","contenttypes","contenttype"
"5","sessions","session"
"id","app","name","applied"
"1","contenttypes","0001_initial","2025-11-20 12:18:58.017224"
"2","contenttypes","0002_remove_content_type_name","2025-11-20 12:18:58.054622"
"3","auth","0001_initial","2025-11-20 12:18:58.171851"
"4","auth","0002_alter_permission_name_max_length","2025-11-20 12:18:58.214136"
"5","auth","0003_alter_user_email_max_length","2025-11-20 12:18:58.221475"
"6","auth","0004_alter_user_username_opts","2025-11-20 12:18:58.228006"
"7","auth","0005_alter_user_last_login_null","2025-11-20 12:18:58.234299"
"8","auth","0006_require_contenttypes_0002","2025-11-20 12:18:58.237168"
"9","auth","0007_alter_validators_add_error_messages","2025-11-20 12:18:58.244314"
"10","auth","0008_alter_user_username_max_length","2025-11-20 12:18:58.251438"
"11","auth","0009_alter_user_last_name_max_length","2025-11-20 12:18:58.257751"
"12","auth","0010_alter_group_name_max_length","2025-11-20 12:18:58.276111"
"13","auth","0011_update_proxy_permissions","2025-11-20 12:18:58.283534"
"14","auth","0012_alter_user_first_name_max_length","2025-11-20 12:18:58.292910"
"15","app","0001_initial","2025-11-20 12:18:58.500415"
"16","admin","0001_initial","2025-11-20 12:18:58.558560"
"17","admin","0002_logentry_remove_auto_add","2025-11-20 12:18:58.567102"
"18","admin","0003_logentry_add_action_flag_choices","2025-11-20 12:18:58.574951"
"19","app","0002_delete_membertype","2025-11-20 12:18:58.585579"
"20","app","0003_alter_customuser_user_type","2025-11-20 12:18:58.597627"
"21","app","0004_alter_customuser_user_type","2025-11-20 12:18:58.653432"
"22","app","0005_alter_customuser_user_type","2025-11-20 12:18:58.662364"
"23","app","0006_alter_customuser_user_type","2025-11-20 12:18:58.671615"
"24","app","0007_alter_customuser_user_type","2025-11-20 12:18:58.703725"
"25","app","0008_registration","2025-11-20 12:18:58.716530"
"26","app","0009_alter_registration_id","2025-11-20 12:18:58.740488"
"27","app","0010_rifdauth","2025-11-20 12:18:58.751166"
"28","app","0011_barangay_municipality_province_delete_registration_and_more","2025-11-20 12:18:58.838414"
"29","app","0012_registration","2025-11-20 12:18:58.909599"
"30","app","0013_rename_municipality_id_barangay_municipality_and_more","2025-11-20 12:19:00.553313"
"31","app","0014_registration_profile","2025-11-20 12:19:00.572174"
"32","app","0015_rename_f_name_registration_first_name_and_more","2025-11-20 12:19:00.623621"
"33","app","0016_rename_profile_registration_profile_pic","2025-11-20 12:19:00.642865"
"34","app","0017_rename_rifdauth_rfidauth","2025-11-20 12:19:00.669072"
"35","app","0018_medicines_registration_civil_status_and_more","2025-11-20 12:19:00.814374"
"36","app","0019_registration_email","2025-11-20 12:19:00.848735"
"37","app","0020_alter_registration_email_alter_registration_rfid","2025-11-20 12:19:00.909532"
"38","app","0021_alter_customuser_user_type","2025-11-20 12:19:00.918159"
"39","app","0022_alter_customuser_user_type","2025-11-20 12:19:00.927595"
"40","app","0023_alter_customuser_user_type","2025-11-20 12:19:00.937033"
"41","app","0024_delete_bsrcenter","2025-11-20 12:19:00.949019"
"42","app","0025_bsrcenter","2025-11-20 12:19:01.024280"
"43","app","0026_bsrcenter_status","2025-11-20 12:19:01.056261"
"44","app","0027_remove_bsrcenter_medicines_and_more","2025-11-20 12:19:01.505461"
"45","app","0028_bsrcenter_diagnosis_alter_bsrcenter_tracking_number","2025-11-20 12:19:01.552434"
"46","app","0029_bsrcenter_burial","2025-11-20 12:19:01.592136"
"47","app","0030_status","2025-11-20 12:19:01.602532"
"48","app","0031_delete_status","2025-11-20 12:19:01.613688"
"49","app","0032_status","2025-11-20 12:19:01.623914"
"50","app","0033_remove_bsrcenter_status","2025-11-20 12:19:01.645960"
"51","app","0034_bsrcenter_status","2025-11-20 12:19:01.691836"
"52","app","0035_alter_bsrcenter_burial_status","2025-11-20 12:19:01.786512"
"53","app","0036_alter_customuser_user_type","2025-11-20 12:19:01.795230"
"54","app","0037_bsrcenter_released_by","2025-11-20 12:19:01.836523"
"55","app","0038_bsrcenter_burial_released_by","2025-11-20 12:19:01.876210"
"56","app","0039_peso_reap","2025-11-20 12:19:01.954908"
"57","app","0040_rename_offical_receipt_peso_reap_official_receipt_and_more","2025-11-20 12:19:02.020707"
"58","app","0041_rename_released_by_bsrcenter_processed_by_and_more","2025-11-20 12:19:02.554567"
"59","app","0042_peso_reap_tracking_number","2025-11-20 12:19:02.596250"
"60","app","0043_peso_reap_status","2025-11-20 12:19:02.646654"
"61","app","0044_registration_age","2025-11-20 12:19:02.682708"
"62","app","0045_registration_zone_street","2025-11-20 12:19:02.704779"
"63","app","0046_skills_training_peso_reap_date_claim_expiry_and_more","2025-11-20 12:19:02.902380"
"64","app","0047_remove_skills_training_description","2025-11-20 12:19:02.919946"
"65","app","0048_year_cycle_alter_customuser_user_type","2025-11-20 12:19:02.942612"
"66","app","0049_rename_year_cycle_academic_year_semester","2025-11-20 12:19:03.007503"
"67","app","0050_peso_reap_academic_year_peso_reap_semester","2025-11-20 12:19:03.109861"
"68","app","0051_user_type_peso_reap_next_registration_user_type","2025-11-20 12:19:03.215226"
"69","app","0052_end_user_type_remove_registration_user_type_and_more","2025-11-20 12:19:03.569238"
"70","app","0053_rename_sy_end_academic_year_ay_end_and_more","2025-11-20 12:19:03.606715"
"71","app","0054_remove_semester_academic_year_academic_year_semester","2025-11-20 12:19:03.742882"
"72","app","0055_alter_academic_year_ay_start","2025-11-20 12:19:03.762756"
"73","app","0056_remove_peso_reap_semester","2025-11-20 12:19:03.866104"
"74","app","0057_remove_peso_reap_date_claim_expiry_and_more","2025-11-20 12:19:03.926388"
"75","app","0058_rename_ay_start_academic_year_year_and_more","2025-11-20 12:19:03.961390"
"76","app","0059_reap_type_peso_reap_reap_type","2025-11-20 12:19:04.022304"
"77","app","0060_occupation_rfidauth_registration_and_more","2025-11-20 12:19:04.213723"
"78","sessions","0001_initial","2025-11-20 12:19:04.241429"
"79","app","0061_alter_rfidauth_registration","2025-11-20 12:24:01.537032"
"80","app","0062_alter_rfidauth_registration","2025-11-20 12:24:59.215295"
"81","app","0063_civil_status_remove_registration_civil_status","2025-11-20 12:48:20.748549"
"82","app","0064_registration_civil_status","2025-11-20 12:51:34.476805"
"83","app","0065_rename_date_claimed_peso_tupad_date_issued_and_more","2025-11-21 01:03:43.009417"
"84","app","0066_bsrcenter_actioned_at_bsrcenter_actioned_by_and_more","2025-11-21 03:30:22.637640"
"session_key","session_data","expire_date"
